,Model Name,train_r2,val_r2,train_rmse,val_rmse
0,Ridge(),0.924803949216196,0.9290193216403784,0.11322135799147108,0.10783579871328482
0,Lasso(),0.918903173193903,0.9303195737433857,0.11757981538145414,0.10684354420511902
0,XGBRegressor,0.9862014071187276,0.9155702491287262,0.04850072649095274,0.11760902253464194
